Дата заказа ;Клиент ;Телефон ;Сумма ;Статус ;Состав заказа 
2025-04-12 01:37;admin@example.com;2300.00;выполнен;Хинкали ×1, Ткемали ×12, Чири ×1
2025-04-12 01:37;admin@example.com;2100.00;выполнен;Хачапури ×1, Алазанская долина ×2, Козинаки ×3
2025-04-12 01:37;admin@example.com;2000.00;выполнен;Козинаки ×10
2025-04-12 01:44;admin@example.com;2040.00;выполнен;Ркацители ×2, Маслины с орехами ×3
