Дата бронирования;Время;Имя посетителя;Телефон;Гости;Посетил;Сумма чека;Email клиента
2025-04-13;15:00 - 16:00;Даннисимо;+7 676 678-45-45;3;Да;1500.00;admin@example.com
2025-04-17;11:00 - 12:00;Харчо;+7 676 678-45-45;3;Да;2600.00;admin@example.com

Итоговые показатели:;;;;;;
Всего бронирований;2
Посетило гостей;6
Общая выручка;4100.00 руб
